English,Russian
Able,способный
Abundance,обилие
Ability,способность
Able-bodied,способный
Abort,отменить
Abortion,аборты
About,о
Above,сверху
Abroad,за рубежом
Absent,отсутствовать
Absence,отсутствие
Absolute,абсолютный
Absolutely,абсолютно
Absorb,въедаться
Absorption,вхождение
Abstract,абстрактный
Abstraction,абстракция
Accelerate,ускорять
Acceleration,ускорение
Accept,принимать
Acceptance,прием
Access,доступ
Accessibility,доступность
Accent,акцент
Accentuate,подчеркнуть
Accents,акценты
Acclaim,хвалить
Acclaimed,высоко оцененный
Accommodate,комфортно
Accommodation,жилье
Accomplice,содеятельник
Accord,соглашение
According,поэтому
Account,счет
Accountable,отвечать
Accounting,бухгалтерия
Accounts,счёта
Ache,болеть
Aching,болевой
Acknowledge,признать
Acknowledgment,пожалование
Acoustic,акустический
Acoustics,акустика
Act,действовать
Acting,играть
Action,дія
Actions,действия
Active,активный
Activism,активизм
Activities,деятельность
Activity,дейтельность
Actor,актер
Acts,действия
Acute,острый
Ad,реклама
Adamant,предупредителен
Add,добавить
Added,добавлен
Addiction,зависимость
Addictive,зависимый
Address,адрес
Addresses,адреса
Adjust,регулировать
Administration,администрация
Administrator,администратор
Administrative,административный
Admission,принятие
Admit,пускать
Admonish,осуждать
Advance,напереди
Advancement,подъем
Advanced,развитый
Advantage,полезность
Advantages,преимущества
Advice,совет
Advisable,рекомендация
Advised,советованный
Adviser,консультант
Advising,советовать
Adventure,авантюра
Adventurous,авантюрный
Advertising,реклама
Advice,совет
Advise,советовать
Affect,воздействие
Affected,подвергнутся воздействию
Affection,любовь
Affectionate,ласковый
Affirm,подтверждать
Affiliation,ассоциация
Affinity,симпатию
Afford,собираться
Affordable,доступный
Affray,качество
Afloat,на поверхности
Afraid,напуганный
Aftermath,последствия
Afternoon,день
Again,опять
Against,против
Age-old,древний
Aggravate,ухудшать
Agency,агентство
Agent,агент
Agents,агенты
Aging,старение
Ah,ах
Ahead,напереди
Aid,помочь
Aid,содействовать
Aiding,помогает
Airborne,воздушный
Airline,авиакомпания
Airplane,самолет
Airport,аэропорт
Airports,аэропорты
Alarm,тревога
Alas,к сожалению
Albedo,отражение
Alert,благонадежность
Alerted,упредить
Alertness,сознательность
Alienate,отделить
Alive,живой
Alley,улица
Alliance,союз
Allow,разрешить
Allowance,платёж
Allowed,разрешенный
Alloy,сплав
Almost,почти
Alone,один
Along,плоскостью
Also,также
Alter,изменить
Alternative,альтернативный
Alternatively,иначе
Always,всегда
Amaze,замечательный
Amazon,амазон
Ambient,окружающий
Ambitious,ambitiosus
Amen,да
America,Америка
American,американец
Among,между
Amount,количество
Ample,изобильный
Amplify,усилить
Analyse,анализировать
Analyst,аналитик
Analysis,анализ
Ancestor,предок
Ancient,древний
And,и
Angel,ангел
Anger,гнев
Animal,животное
Animals,животные
Animation,анимация
Anneal,выплавлять
Annual,ежегодный
Another,другой
Answer,ответить
Answers,ответы
Anticipate,ожидать
Anthropology,антропология
Anti-,антис
Antibody,антиген
Anticipation,ожидание
Anticlimax,антивзрыв
Anticipatory,предвосхищающийся
Antique,старый
Antiquity,древность
Anxiety,тревога
Anybody,кто угодно
Anything,что угодно
Apologize,извиниться
Apollo,аполлон
Appeal,апелляция
Appealing,привлекательный
Appear,являться
Appearance,внешний вид
Append,добавлять
Appointment,назначение
Appreciate,оценить
Approach,подход
Approval,утверждение
Approved,утвержденный
Approximate,приблизительный
Arbitrary,арбитрарный
Architecture,архитектура
Archive,архив
Area,область
Arena,арена
Argue,спорить
Argument,аргумент
Arguments,аргументы
Arianne,ариадна
Around,вокруг
Arrangement,расположение
Arrange,установлять
Arrow,стрела
Art,искусство
Article,статья
Articles,статьи
Arts,искусства
As,как
Ascertain,определить
Ash,пепел
Ashen,пепелиный
Asia,Азия
Ask,спрашивать
Asked,запрошенный
Aspect,аспект
Aside,вокруг
Askew,неконсервативный
Aspire,мечтать
Aspiring,настойчивый
Assent,подтверждение
Assertion,утверждение
Assertive,откровеннный
Assign,задавать
Assignment,назначение
Associates,ассоциировать
Association,ассоциация
Associate,ассоциировать
Associated,связанный
Associative,ассоциирующийся
Assist,помогать
Assisted,поддерживать
Assistance,содействие
Assistive,помощный
Astounding,шокирующий
Asylum,асилум
Asynchronous,асинхронный
At,в
Ate,поел
Athlete,спортсмен
Athletic,атлетичный
Athletics,спортивные соревнования
Attempt,попытка
Attain,достигать
Attached,прикреплённый
Attachment,прикрепление
Attendance,наличие
Attention,внимание
Attentive,внимательный
Attract,привлекать
Attraction,привлечение
Attribute,присвоить
Attribution,атрибуция
Audience,аудитория
Audio,звук
Audit,ревизия
Auction,аукцион
Auditor,ревизор
Augment,усилить
August,август
Authentic,истинный
Author,автор
Authority,авторитет
Automate,автоматизировать
Automated,автоматизированный
Automation,автоматизация
Automaton,автоматон
Autonomous,автономный
Autonomy,автономия
Autopsy,постмортальный анализ
Available,доступный
Avoid,избегать
Avoidance,избежание
Awareness,осведомленность
Awkward,неловкий
Axial,аксиальная
Axis,ось
Baby,малыш
Back,спина
Background,фон
Backward,назад
Bacteria,бактерии
Bad,плохой
Bag,сумка
Baggage,багаж
Bah,плакса
Ball,шарик
Balloon,воздушный шар
Banana,банан
Bank,банк
Bar,стол
Barbarian,варвар
Bare,нагой
Base,основание
Basic,основной
Basket,корзина
Bath,ванна
Battery,аккумулятор
Battle,борьба
Bauhaus,баухаус
Bear,медведь
Beautiful,красивый
Because,потому что
Become,становиться
Bed,кровать
Bedroom,спальня
Before,до
Begin,начинать
Behavior,поведение
Behavioural,поведенческий
Believe,верить
Belief,вера
Bell,колокол
Below,ниже
Benefit,польза
Benign,благоприятный
Bereaved,тревожный
Best,лучший
Betray,изменять
Better,лучше
Between,между
Bias,склонность
Big,большой
Bill,акт
Billy,Билли
Bind,закреплять
Binders,сборники
Birthday,день рождения
Birthplace,место рождения
Bite,куснуть
Black,черный
Blade,нож
Blank,пустой
Blare,разгром
Blast,взрыв
Blend,сливать
Blind,слепой
Bloody,кровавый
Block,блок
Bloodstream,кровеносная система
Blue,синий
Blurry,мутный
Bob,Боб
Boil,кипеть
Bolt,болванка
Bond,связь
Boneless,костиeless
Book,книга
Boot,ботинок
Border,граница
Bore,скучать
Born,родился
Boss,начальник
Botanist,ботаник
Both,оба
Bottom,нижняя часть
Boundary,граница
Bow,лук
Box,коробка
Boy,мальчик
Brainstorming,идея-размышление
Brand,марка
Brass,бронза
Breadth,ширина
Break,перестать
Breaking,ломаясь
Breathing,дыхание
Brief,краткий
Bright,сияющий
Bring,нагнетать
Broadcasting,телевизионное вещание
Bronze,бронза
Brother,брат
Brown,коричневый
Bubble,пузырь
Buckle,болванка
Budget,бюджет
Bug,жучок
Building,здание
Built-in,встроенный
Bulky,большой
Bundle,сборник
Burden,тяжесть
Burn,жечь
Burnout,снижение производительности
Business,дело
Busy,занятый
Buttress,поддерживать
Buzz,мурашить
By,по
Cake,торт
Call,позвать
Calorie,калория
Camera,камера
Campaign,кампания
Can,можно
Cannot,не может
Capital,капитал
Capture,ловить
Car,машина
Card,карта
Care,забота
Careful,осторожный
Carry,нести
Cart,корзина
Case,случай
Castle,замок
Catch,ловить
Cause,причина
Caution,осторожность
Cave,пещера
Cell,клетка
Central,центральный
Centre,центр
Certain,определенный
Chain,цепь
Chair,стул
Challenge,вызов
Change,изменение
Character,характер
Charge,нагрузка
Charity,харитировать
Charles,Шарль
Chart,график
Chase,огонок
Chat,переговоры
Cheap,дешевый
Cheek,щека
Check,проверить
Cheerful,радостный
Chemical,химический
Chemistry,химия
Childhood,детство
Children,дети
Chill,охладить
Choice,выбор
Choose,выбрать
Christianity,христианство
Church,церковь
Circuit,контур
Circle,круг
Citizen,гражданин
City,город
Civil,гражданский
Clamp,зацепка
Class,класс
Classification,категоризация
Clean,чистый
Clear,ясный
Clerk,кассир
Click,нажать
Client,клиент
Climate,климат
Clock,часы
Close,закрытый
Closure,замыкание
Club,клуб
Cluster,скопление
Coach,тренер
Coalition,коалиция
Coast,берег
Cockpit,компьютерная задняя часть
Code,код
Coding,кодирование
Coffee,кафе
Cold,холодный
Collapse,крушение
Collage,коллаж
Collective,коллективный
College,колледж
Column,столбец
Combination,комбинация
Come,пойти
Comedy,юмор
Commitment,завещание
Common,общий
Communication,связь
Community,сообщество
Company,компания
Compare,сравнить
Comparison,сравнение
Compete,конкурировать
Completion,полное
Complexity,сложность
Compliance,подчинение
Component,компонент
Composition,композиция
Concentration,осмысление
Concept,концепция
Concern,забота
Conclude,заключать
Conclusion,заключение
Concrete,конкретный
Condition,состояние
Conference,конференция
Confidence,доверие
Conflict,конфликт
Connect,соединять
Connection,соединение
Consensus,общий множитель
Consequence,последствие
Consideration,прочтение
Consistency,справедливость
Constant,непрерывный
Constraint,ограничение
Construction,строение
Consultant,консультант
Contact,связь
Contain,содержать
Content,содержание
Context,контекст
Continue,продолжить
Contract,договор
Contrast,отличаться
Control,контроль
Convenience,удобство
Converse,общаться
Conversion,перевод
Convert,преобразовать
Cook,готовить
Cookie,куки
Coordinate,координировать
Cooperation,сотрудничество
Coparticipate,участвовать
Copy,копия
Copyright,авторское право
Core,центральная часть
Corner,угол
Corporation,корпорация
Correct,правильный
Correction,исправление
Correlation,корреляция
Cosmic,космический
Cost,стоимость
Couch,диван
Couple,супруги
Course,курс
Court,зал суда
Cover,крыть
Coworker,сотрудник
Craft,ремесло
Crash,авария
Create,создать
Creation,создание
Creative,творческий
Credit,кредит
Critic,критик
Criticism,критика
Crop,выращивание
Cross,перекресток
Cross-cultural,многонациональный
Crowd,масса
Crunch,резать
Crystal,кристалл
Culture,культура
Currency,валюта
Current,текущий
Curriculum,курс
Customs,обряды
Cut,отрезать
Customer,клиент
Cycle,цикл
Dance,танцевать
Danger,опасность
Darkness,тьма
Data,данные
Dating,заключение отношений
Daughter,дочь
Daycare,детский сад
Days,дни
Dead,мертвый
Deaf,слепой
Death,смерть
Decade,десятилетие
Decision,решение
Declare,объявлять
Decoration,украшение
Declaration,заявление
Deep,глубокий
Defense,защита
Degree,степень
Delay,задержка
Delight,радость
Delivery,доставка
Demand,требование
Dental,зубы
Dependent,зависимый
Depth,глубина
Description,описание
Design,проект
Desk,стол
Destroy,разрушать
Detain,задерживать
Development,развитие
Device,аппарат
Diagonal,диагональный
Diet,пища
Difference,отличие
Digital,цифровой
Dilemma,двусмысленность
Diminish,уменьшить
Direct,прямой
Direction,направление
Disability,инвалидность
Disaster,катастрофа
Discipline,дисциплина
Discovery,открытие
Disguise,скрыться
Disgust,отвращение
Disorder,хотя бы
Discount,скидка
Disconnect,разъединить
Disentanglement,расстыковаться
Dishonourable,неуважительный
Disk,диск
Distance,расстояние
Disturbance,нарушение
District,район
Distribution,распределение
Divide,делить
Division,разделение
Doctor,врач
Dog,собака
Dollar,доллар
Domain,область
Door,дверь
Dosage,лекарственное средство
Dot,точка
Double,двойной
Doubling,двукратное
Draft,черновик
Draw,рисовать
Dream,мечта
Drift,плавать
Drink,пить
Drive,водить машину
Drop,опадать
Drug,лекарство
Dual,двойственный
Dull,тусклый
Duration,продолжительность
Dust,пыльца
Dutch,нідерландский
Duty,обязанность
Dwelling,жилище
Dynamic,динамичный
Eager,живой
Early,ранний
Earth,земля
Easy,легкий
Eat,есть
Edge,края
Edit,редактировать
Effect,эффект
Effort,усилие
Either,либо
Elderly,старик
Element,элемент
Elephant,слон
Elevate,поднять
Elf,эльф
Ellipsis,ellipsis
Emerald,зеленый камень
Emigrate,мигрировать
Emotion,эмоция
Empty,пустой
Enable,включить
Encounter,инцидент
End,конец
Energy,энергия
English,английский язык
Enlist,подписать
Enter,вход
Envelope,конверт
Environment,окружение
Environmental,окружающий
Epicurean,эпикюрей
Equation,уравнение
Equality,равенство
Equipment,оборудование
Error,ошибка
Escape,убежать
Essence,суть
Establishment,утверждение
Evening,вечер
Evidence,доказательства
Evil,злое
Examine,изучать
Example,пример
Excavate,выкапывать
Exchange,обмен
Excitement,волнение
Exercise,физическое тренировочное занятие
Existence,существо
Expectation,ожидание
Experience,опыт
Expert,специалист
Explanation,объяснение
Exploit,использовать
Explode,вырвать
Exposure,открытие
Expression,выражение
External,внешний
Extract,вытягивать
Face,лицо
Facilitate,facilitate
Factual,фактический
Fade,уменьшить
Fail,неудача
Failure,неудача
Fairness,справедливость
Faithful,верный
Fall,падение
Falsehood,ложь
Family,семья
Fan,балка
Fang,зуб
Fantastic,фантастический
Farmer,фермер
Fast,быстрый
Father,отец
Faulty,худший
Fear,страшилка
Feature,особенность
Feed,кормить
Feeling,чувство
Female,женский
Fence,ограда
Ferry,паром
Fetch,вытягивать
Field,поле
Fight,бороться
Figure,фигура
Filial,родовой
Film,кинофильм
Final,окончательный
Find,найти
Finish,закончить
Fire,огонь
Firm,стабильный
First,первый
Fish,рыба
Fit,подходить
Flag,флаг
Flame,огонь
Flash,светить
Flat,ровный
Flexibility,гибкость
Flight,полет
Flower,цветок
Flush,откачать
Fly,лететь
Focus,направлять
Fold,складывать
Follow,следовать
Food,еда
Foot,стопа
Footprint,печать стопы
Forced,强уд
Forceful,силеный
Forehead,лоб
Foreign,иностранный
Forget,забыть
Forever,навсегда
Form,форма
Format,формат
Former,бывший
Forthcoming,будущий
Fortunate,фортунный
Forward,напереди
Found,найдено
Fragrance,аромат
Frame,рамка
France,Франция
Frank,откровенный
Fresh,свежий
Friendship,другие
From,из
Frontier,граница
Full,полный
Function,функция
Fundamental,основной
Funny,забавный
Further,более
Future,будущее
Game,игра
Gather,собирать
Gene,ген
General,общий
Generous,скромный
Genre,жанр
Geography,география
Geological,геологический
Geometry,геометрия
Gesture,гест
Ghost,дух
Gift,подарок
Give,дать
Glad,радостный
Glass,стекло
Glue,лаки
Glow,светить
Goal,цель
Goat,коза
God,Бог
Gold,золото
Goodbye,прощание
Goods,товары
Government,правительство
Grab,хватать
Grain,зерно
Grammar,грамматика
Grand,великий
Grandfather,дедушка
Grandmother,бабушка
Graphic,графический
Graphite,графит
Grass,трава
Gratitude,одарение
Gravity,тяжесть
Great,великий
Green,зеленый
Ground,земля
Growth,рост
Guess,угадать
Guide,руководство
Guilty,виновный
Gun,пушка
Gust,ветер
Habitat,место обитания
Hack,хакерство
Hair,волосы
Half,полу
Hall,зал
Hand,рука
Hands-free,без рук
Happy,счастливый
Hard,твердый
Harmony,гармония
Hashtag,хэш-тег
Haunted,оккупирующийся призраками
Haystack,солома
Head,голова
Heal,лечить
Health,здоровье
Heart,сердце
Heavy,тяжелый
Height,высота
Helmet,шлем
Help,помогать
Hemisphere,полушарие
Heritage,наследство
Hero,герой
Hidden,скрытый
High,высокий
History,история
Holiday,праздник
Holistic,целостный
Home,дом
Homework,домашнее задание
Honesty,честность
Hook,замок
Horizon,облако
Hospital,больница
Host,хозяин
Hot,горячий
Household,домашний
Hoverboard,hoverboard
Humanity,люди
Humor,юмор
Hunger,голод
Hurricane,ураган
Hybrid,гибрид
Hyperbole,перегиб
Hypnotic,гипнотический
Idea,идея
Identity,идентичность
If,если
Illusion,иллюзия
Imagery,изображение
Image,изображение
Imagination,воображение
Immigration,иммиграция
Impression,впечатление
Incredible,необычайный
Increase,увеличить
Independence,независимость
Index,индекс
Indirect,не прямой
Individual,личность
Industrial,промышленный
Industry,промышленность
Infancy,детство
Infatuation,обожание
Infinite,бесконечный
Information,информация
Infrastructure,инфраструктура
Initial,начальный
Initiative,инициатива
Input,ввод
Innovation,новация
Inspiration,настойчивость
Instruction,инструкция
Instrument,инструмент
Insurance,обеспечение
Integrate,сбалансировать
Intelligence,разумность
Intensity,тепло
Intent,цель
Interaction,общение
Interest,занятость
Internal,внутренний
International,международный
Internet,Интернет
Interview,интервью
Invention,изобретение
Investigation,исследование
Invitation,приглашение
Irony,ирония
Island,остров
Issue,вопрос
Itinerary,расписание
Jargon,технический язык
Journey,путешествие
Joy,радость
Judge,судья
Jump,прыгать
Justice,справедливость
Keep,сохранить
Key,ключ
Kindness,добротность
Kitchen,кухня
Knowledge,знание
Labyrinth,лабиринт
Lady,леди
Lake,озеро
Language,язык
Laugh,смеяться
Law,закон
Leader,лидер
League,лига
Learn,изучать
Legacy,наследие
Length,длина
Lens,объектив
Letter,письмо
Level,уровень
Leverage,применение силы
Library,библиотека
Life,жизнь
Light,свет
Like,нравится
Limit,ограничение
Line,строка
Link,связь
List,список
Listen,слышать
Literature,литература
Little,маленький
Live,живой
Liveliness,жизнь
Load,загрузка
Local,местный
Location,местоположение
Lock,замок
Logic,логика
baby,ребенок,122
back,спина,123
background,фон,124
bad,плохой,125
bag,рюкзак,126
ball,мяч,127
ban,запретить,128
band,группа,129
bank,банк,130
bar,столик,131
bare,голый,132
base,основание,133
based,на основе,134
basis,основание,135
basic,базовый,136
basically,в общем-то,137
basket,корзина,138
bathe,кадить,139
be,быть,140
beam,пучок,141
bear,носить,142
beat,наносить,143
because,потому что,144
become,становиться,145
been,была,146
before,до,147
begin,начинать,148
being,быть,149
believe,верить,150
beneath,ниже,151
benefit,полезность,152
bequeathed,наследовать,153
best,лучший,154
bet,ставить,155
between,между,156
bias,предвзятость,157
big,большой,158
bike,цикл,159
bill,акт,160
bind,зажимать,161
biological,биологический,162
biology,生物логия,163
bit,кусочек,164
bitter,грубый,165
black,черный,166
blade,пилка,167
blanket,ковер,168
blast,взрыв,169
bleed,кровоточить,170
blend,смешивать,171
block,блокировать,172
blood,кровь,173
blow,дуть,174
blue,синий,175
board,конференция,176
boast,хвастаться,177
bogus,фальшивый,178
bond,замок,179
bone,кость,180
boost,повышать,181
border,граница,182
both,и,183
boundaries,границы,184
bow,представление,185
box,коробка,186
boy,ребенок,187
bracket,рамка,188
brain,мозг,189
branch,ветвь,190
brand,бренд,191
break,сломать,192
breast,сосок,193
brief,краткий,194
bright,яркий,195
brilliant,прекрасный,196
broadly,широко,197
broken,ломанный,198
brother,брат,199
brought,привести,200
bubble,бубен,201
bucket,корзина,202
buffet,буфет,203
build,строить,204
built,строенный,205
bull,бык,206
bully,сила,207
bundle,связать,208
burn,жечь,209
business,дело,210
bush,кустарник,211
but,но,212
buy,покупать,213
by,у,214
cabinet,шкаф,215
cache,хранить,216
cadet,кадет,217
calculator,калькулятор,218
call,звать,219
called,назначенный,220
camera,аппарат,221
can,можно,222
cancel,отменить,223
cancer,рак,224
candidate,кандидат,225
canvas,канва,226
capital,капитал,227
capable,способный,228
capacity,вместимость,229
capture,ловить,230
care,забота,231
career,карьера,232
carry,носить,233
carrying,несение,234
case,случай,235
cash,наличные,236
cast,отправлять,237
catch,ловить,238
category,категория,239
cattle,скот,240
cause,причина,241
caution,осторожность,242
cease,закончить,243
celebrate,праздновать,244
cell,ячейка,245
century,век,246
chain,цепь,247
chair,стол,248
challenge,вызов,249
chance,шанс,250
change,менять,251
chapter,глава,252
character,характер,253
charge,заряд,254
charged,нарученный,255
charity,благотворительность,256
chart,диаграмма,257
chase,огонек,258
chat,обсуждение,259
check,проверить,260
chemical,химический,261
chemistry,химия,262
chest,грудь,263
chief,начальник,264
child,ребенок,265
children,детей,266
chill,холодный,267
choice,выбор,268
choose,выбирать,269
chronic,хронический,270
church,церковь,271
circle,круг,272
circumstances,обстоятельства,273
citizen,гражданин,274
civilization,цивилизация,275
claim,заявлять,276
clam,моллюск,277
clan,клан,278
class,класс,279
classic,классический,280
clean,чистый,281
clear,ясный,282
climate,погода,283
clock,часы,284
close,закрывать,285
closely,близко,286
clothing,одежда,287
clouds,облака,288
clue,связь,289
cluster,кластер,290
coalition,коалиция,291
coast,берег,292
coat,палка,293
coffee,кофе,294
coin,монета,295
cold,холодный,296
collapse,разрушить,297
collection,сбор,298
college,колледж,299
color,цвет,300
column,столбец,301
combine,слияние,302
come,приходить,303
comedy,комедия,304
commit,заключать,305
comfort,удовольствие,306
coming,приходящий,307
common,общий,308
company,компания,309
compare,сравнивать,310
compete,конкурентить,311
complain,жаловаться,312
complex,сложный,313
composition,составление,314
concentrate,сосредоточивать,315
concession,сомнение,316
concrete,каменный,317
conduct,вести,318
condition,условие,319
conflict,конфликт,320
conference,конференция,321
confirm,подтверждать,322
confusion,замешательство,323
connect,связывать,324
connection,соединение,325
conscience,сознание,326
conscious,сознающий,327
consent,допускать,328
consider,считать,329
consistency,постоянство,330
constant,неизменный,331
constituency,конституция,332
construct,строить,333
consult,консультировать,334
consumer,потребитель,335
contact,контакт,336
contain,содержать,337
container,сосуд,338
contents,содержание,339
context,контекст,340
continue,продолжаться,341
contrast,отличие,342
control,контроль,343
contribute,поддерживать,344
conversation,обсуждение,345
convert,переводить,346
convey,передавать,347
cook,приготовлять,348
cooking,приготовление,349
cool,холодный,350
cope,способность,351
copy,копия,352
core,центр,353
corner,угол,354
correspondence,соответствие,355
cost,стоимость,356
cotton,вата,357
cough,чихать,358
could,мог,359
counselor,советник,360
count,считать,361
counter,противоположный,362
country,страна,363
couple,двое,364
course,курс,365
court,зал,366
cover,крыть,367
cow,корова,368
crack,расслоение,369
craft,ремесло,370
cram,наживать,371
crash,авария,372
creation,создание,373
creative,творческий,374
credit,кредит,375
crew,экипаж,376
crime,закон,377
criminal,заключенный,378
crisis,кризис,379
criticize,критиковать,380
cross,пересекать,381
crowd,масса,382
cry,плач,383
crystal,алмаз,384
cube,куб,385
culture,культура,386
currency,валюта,387
curtain,к занавешивание,388
current,текущий,389
cut,резать,390
cycle,цикл,391
dairy,молоко,392
dance,танцевать,393
dangerous,опасный,394
dark,тьма,395
date,дата,396
daughter,дочь,397
day,день,398
dead,мертвый,399
deal,дело,400
dear,дорогой,401
death,смерть,402
debate,дискуссия,403
debt,долг,404
decade,десятилетие,405
decay,разрушаться,406
declare,заявлять,407
decision,решение,408
decline,падение,409
dedicate,посвящать,410
defeat,поражение,411
define,определять,412
defense,оборона,413
defend,защищать,414
delay,задерживать,415
delegate,делегировать,416
deliberate,размышлять,417
delivery,доставка,418
demand,требовать,419
democracy,демократия,420
demolish,разрушить,421
deny,отменять,422
department,отделение,423
dependent,зависимый,424
describe,описывать,425
description,описание,426
desire,желание,427
destroy,уничтожать,428
detail,деталь,429
determine,определять,430
develop,развивать,431
development,развитие,432
devote,отдавать,433
device,аппарат,434
diagnosis,диагноз,435
dictionary,словарь,436
diet,пища,437
differ,делить,438
difference,разница,439
different,разный,440
difficult,трудный,441
difficulty,трудность,442
digit,цифра,443
digital,цифровой,444
direction,направление,445
discipline,дисциплина,446
discovery,открытие,447
discriminate,дифференцировать,448
discussion,обсуждение,449
disease,болезнь,450
dish,тарелка,451
dismiss,отстранять,452
display,показывать,453
dissolve,растворить,454
distance,расстояние,455
distraction,развлечение,456
district,округ,457
dive,нырять,458
divide,делить,459
divine,божественный,460
divorce,развод,461
do,делать,462
doctor,доктор,463
document,документ,464
dog,собака,465
doing,делать,466
dollar,доллар,467
domain,домен,468
donate,донатить,469
door,дверь,470
dose,порция,471
dot,точка,472
double,двойной,473
down,низкий,474
download,скачать,475
draft,проект,476
drag,тянуть,477
draw,рисовать,478
dream,мечта,479
drive,водить,480
drowning,тонуть,481
drug,наркотик,482
dry,сухой,483
due,заключенный,484
dump,отбросить,485
dust,пыль,486
each,каждый,487
earn,зарабатывать,488
earth,земля,489
easily,лёгкий,490
eat,есть,491
economic,экономический,492
edge,края,493
education,образование,494
effect,влияние,495
effort,усилие,496
egg,яичко,497
eight,восемь,498
either,либо,499
elderly,старик,500
elevator,эскалатор,501
elicit,вызывать,502
electronic,электронный,503
elementary,основной,504
ellipse,круг,505
emergency,авария,506
eminent,известный,507
emotional,эмоциональный,508
employer,работодатель,509
employee,сотрудник,510
encourage,поощрять,511
encyclopedia,энциклопедия,512
endeavor,пытаться,513
endorse,поддерживать,514
endure,терпеть,515
enemy,враг,516
energy,энергия,517
engagement,соглашение,518
engage,участвовать,519
enjoy,наслаждать,520
enter,входить,521
entertain,развлекать,522
environment,окружающая среда,523
epidemic,эпидемия,524
episode,событие,525
equal,равный,526
equation,уравнение,527
equipment,аппаратура,528
era,эра,529
errand,дело,530
error,ошибка,531
escape,убегать,532
esoteric,мистический,533
essential,необходимый,534
evaluate,оценивать,535
evening,вечер,536
event,событие,537
everlasting,бессмертный,538
evidence,доказательство,539
evil,плохой,540
examine,анализировать,541
example,пример,542
excavate,выкапывать,543
exchange,обмен,544
excuse,извинить,545
exercise,физическая подготовка,546
exist,существовать,547
exit,выход,548
expectation,ожидание,549
expense,расходы,550
expenditure,расходы,551
explain,объяснять,552
explanation,описание,553
explore,исследовать,554
export,экспортировать,555
expose,подвергнуть,556
extend,расширять,557
external,наружный,558
extract,выделять,559
extraordinary,чудесный,560
eye,глаз,561
face,лицо,562
factory,фабрика,563
fairy,фея,564
fall,падение,565
family,семья,566
fan,баллон,567
fantasy,мифология,568
farm,ферма,569
fashion,модель,570
fast,быстрый,571
father,отец,572
fatigue,усталость,573
faulty,ошибка,574
favorite,любимый,575
fearless,бесстрашный,576
feast,праздник,577
feature,характеристика,578
feedback,возврат,579
feel,чувствовать,580
female,женский,581
ferment,вызывать,582
fewer,меньше,583
fibre,волокно,584
fiction,фантастика,585
fight,бороться,586
figure,образ,587
file,счёт,588
fill,заполнять,589
film,кино,590
filter,фильтр,591
final,окончательный,592
find,находить,593
fine,тонкий,594
finish,завершить,595
fingerprint,печать пальцев,596
fire,огонь,597
firm,фирма,598
first,первый,599
fish,рыба,600
fitness,спорт,601
flesh,мясо,602
flexible,гибкий,603
flight,полёт,604
float,плавать,605
flood,наводнение,606
flower,цветок,607
fluency,языковая способность,608
fly,лететь,609
focus,фокус,610
follow,следовать,611
food,пища,612
foot,нога,613
forbid,запрещать,614
force,силу,615
foreign,иностранный,616
forgive,прощать,617
formal,формальный,618
format,формат,619
fornicate,нарушить,620
fortunate,удачный,621
fortress,форт,622
forward,вперёд,623
found,найден,624
fourth,четвертый,625
fox,лиса,626
frail,слабый,627
frame,рамка,628
fraction,доля,629
fragment,часть,630
free,свободный,631
freedom,свобода,632
freeze,замерзать,633
frenzy,буйство,634
frequency,частота,635
fresh,сытый,636
friend,друг,637
friendly,дружелюбный,638
frighten,страшить,639
frivolous,лёгкий,640
from,из,641
front,перед,642
frost,лед,643
fruit,фрукты,644
fuel,топливо,645
full,полный,646
function,функция,647
fundamental,основной,648
funeral,похороны,649
funny,комичный,650
furniture,мебель,651
furrow,рыжий,652
future,будущее,653
gain,прибыль,654
gallant,добродушный,655
galvanize,запускать,656
game,игра,657
gang,клан,658
gap,прокол,659
garb,одежда,660
gather,собираться,661
gaze,смотреть,662
general,общий,663
generate,создавать,664
genesis,начало,665
gentleman,джентльмен,666
genre,жанр,667
germ,герм,668
gestate,находиться,669
ghostly,призрачный,670
gift,подарок,671
giggle,смеяться,672
girl,девушка,673
give,давать,674
glacier,ледник,675
glass,стекло,676
glide,лететь,677
glitter,блестить,678
global,глобальный,679
gloom,туманность,680
glory,слава,681
go,ходить,682
goal,цель,683
god,бог,684
gold,золото,685
good,хороший,686
goods,товары,687
gorgeous,красивый,688
governance,управление,689
graceful,подвижный,690
gradual,поэтапный,691
grade,оценка,692
graduate,окончить,693
graft,нарезать,694
grammar,грамматика,695
grandfather,дед,696
grape,виноград,697
grass,трава,698
gravity,тяжестность,699
great,великий,700
greed,зависть,701
green,зелёный,702
grief,боль,703
grey,серый,704
grid,сетка,705
grievous,тяжёлый,706
groan,грустить,707
ground,земля,708
group,группа,709
guard,охранять,710
guess,подумать,711
guidance,направление,712
guilt,сознавание,713
gullible,доверчивый,714
gunpowder,порох,715
gust,ветер,716
habit,поведение,717
haircut,стрижка,718
halfway,полпути,719
hallmark,знак,720
hate,ненависть,721
heal,излечивать,722
heap,навал,723
hear,слышать,724
heart,сердце,725
heat,жар,726
heavy,тяжёлый,727
heed,слушать,728
height,высота,729
helpless,безнадёжный,730
hereafter,после,731
hesitant,застенчивый,732
hide,скрывать,733
highness,высокость,734
hill,горка,735
hinder,мешать,736
hire,наймать,737
hoard,складывать,738
hog,свинья,739
hold,держать,740
hole,дыра,741
holiday,праздник,742
homeless,бездомный,743
homely,уютный,744
honor,честь,745
hook,крючок,746
hoping,надеяться,747
horizon,горизонт,748
horse,лошадь,749
hostile,враждебный,750
hourglass,часовой механизм,751
household,домашний,752
howl,выть,753
hover,лететь,754
humiliation,умилостивление,755
hunger,голод,756
hunt,охотиться,757
hurry,спешить,758
husband,муж,759
hyperbole,перегородка,760
hypnotic,гипнотический,761
iceberg,ледник,762
idea,идея,763
identical,одинаковый,764
identify,выявлять,765
idolize,подражать,766
ignite,зажигать,767
imaginary,мифический,768
imagine,визуализировать,769
immense,огромный,770
importance,важность,771
inadequate,недостаточный,772
inactive,бездейственный,773
incorrect,неправильный,774
increase,увеличение,775
indifference,безразличие,776
individual,индивидуальный,777
infamous,плохой,778
infatuate,влюблять,779
influence,влиять,780
informal,неподготовленный,781
information,информация,782
inheritance,наследство,783
inhumane,нечеловеческий,784
innocent,невиновный,785
input,вводить,786
inquire,спрашивать,787
insanity,безумие,788
insist,нажимать,789
insurance,страхование,790
intact,целостный,791
interact,погружаться,792
intercept,перехватывать,793
interest,интерес,794
intermediate,средний,795
internal,внутренний,796
interpret,толковать,797
interrupt,прерывание,798
intimate,близкий,799
invade,занимать,800
invent,изобретать,801
investigate,исследовать,802
invisible,невидимый,803
invite,предлагать,804
irresistible,неотразимый,805
isolation,одиночество,806
issue,вопрос,807
itchy,скучный,808
itinerary,маршрут,809
jackal,манул,810
jealous,завистливый,811
jerk,переход,812
jittery,беспокойный,813
jobless,безработный,814
joyful,радостный,815
judge,судить,816
jump,скакать,817
justice,справедливость,818
karma,карума,819
keep,держать,820
kill,убивать,821
kind,добрый,822
kinetic,кинетический,823
kiss,целовать,824
knowingly,знающий,825
labour,труд,826
lack,недостаток,827
lamb,овца,828
language,язык,829
laughter,смех,830
lawful,законный,831
layman,неподготовленный,832
lead,вести,833
leak,течь,834
leaf,лист,835
learn,учиться,836
lease,наймать,837
leave,оставлять,838
legitimate,справедливый,839
leisure,время свободное,840
lend,займать,841
lengthy,долгий,842
lessen,уменьшить,843
let,позволять,844
level,уровень,845
liberal,свободный,846
lie,ложь,847
lifeless,безжизненный,848
light,свет,849
like,подобрать,850
limited,ограниченный,851
limp,потерять равновесие,852
lineage,родословная,853
linger,остаться,854
lion's share,золотая горка,855
liquidate,ликвидировать,856
list,список,857
listen,слушать,858
little,маленький,859
lively,живой,860
loan,займ,861
local,местный,862
loftily,величаво,863
logarithm,логарифм,864
lookout,сторожевой пост,865
loom,бить,866
longevity,долголетие,867
loot,кража,868
lordship,власть,869
lose,потерять,870
loss,потеря,871
lotus,лотос,872
loveless,ненавистный,873
lucky,удачливый,874
lumber,лесоматериал,875
lunacy,безумие,876
luminous,светящийся,877
lustful,жадный,878
luxurious,шикарный,879
lyre,лира,880
macroscopic,микроскопический,881
magnify,увеличить,882
maintain,поддерживать,883
majority,большинство,884
make,делать,885
malevolent,плохой,886
maneuver,маневр,887
manicure,стрижка ногтей,888
mankind,человечество,889
many,многочисленный,890
maple,ясень,891
marble,мрамор,892
margin,промежуток,893
marriage,брак,894
mask,маска,895
masturbation,телесное удовлетворение,896
materialism,материализм,897
mathematical,математический,898
matrix,сеть,899
maximize,максимизировать,900
mealtime,время приема пищи,901
meanwhile,пока,902
meditate,заниматься медитацией,903
medium,средство,904
meet,встречать,905
melt,таять,906
memorandum,документ,907
memory,память,908
mention,упоминание,909
mental,ментальный,910
mentorship,наставничество,911
merge,слияние,912
messy,холостой,913
metaphysics,метафизика,914
microscope,микроскоп,915
midnight,полночь,916
mighty,великий,917
milk,молоко,918
mindful,сознательный,919
mineral,минерал,920
minority,меньшинство,921
miracle,чудо,922
misery,беда,923
mistake,ошибка,924
mixture,микстура,925
model,модель,926
moderate,средний,927
momentum,момент,928
monk,монах,929
monthly,ежемесячный,930
moonlight,луна,931
moral,нравственный,932
morality,нравственность,933
moreover,кроме того,934
most,наибольший,935
motherhood,материнство,936
motivation,мотивация,937
mountainous,горный,938
mouthwatering,вкусный,939
move,двигаться,940
multiplied,умножать,941
multiplying,размножение,942
muscle,мышца,943
musician,музыкант,944
mysterious,загадочный,945
mythical,легендарный,946
nadir,низшая точка,947
naive,напыщенный,948
naturalism,природничество,949
nature,природа,950
neatly,как обычно,951
needle,игла,952
negative,отрицательный,953
neighborhood,округ,954
necessity,необходимость,955
needless,бесполезный,956
neglect,забывать,957
networking,сетевое взаимодействие,958
newbie,новичок,959
newsflash,объявление о новости,960
nightly,ночью,961
nonchalant,бесхитростный,962
nonverbal,невербальный,963
noontide,полдень,964
nonsense,бессмыслица,965
normality,нормальность,966
notebook,записная книга,967
novelty,новизна,968
nutrient,пища,969
obedience,подчинение,970
objectivity,объективность,971
oblige,обязывать,972
obsess,захватывать,973
obstacle,препятствие,974
obvious,очевидный,975
occupation,работа,976
odyssey,путешествие,977
offender,злоумышленник,978
offer,предложение,979
oftentimes,часто,980
oh-so,очень,981
okayness,удовлетворенность,982
old-fashioned,старомодный,983
omniscient,всезнающий,984
onboard,на борту,985
once-in-a-lifetime,бесценное событие,986
one-to-one,один ко одному,987
online,онлайн,988
open-minded,открытый,989
opinion,мнение,990
oppose,сопротивляться,991
oppressive,тюремный,992
option,выбор,993
ordeal,испытание,994
orderly,организованный,995
ordinary,обычный,996
organization,организация,997
originality,оригинальность,998
origin,источник,999
outcaste,изгнанец,1000
Word,Слово
the,который
be,быть
and,и
of,от
a,а
in,в
to,ко
have,иметь
it,это
I,я
that,что
for,для
you,ты
he,он
with,с
on,на
do,делать
say,скажу
this,этот
they,они
at,в
but,но
we,мы
his,его
from,из
not,не
n't,не
by,по
she,она
or,или
as,как
what,что
go,идти
their,их
can,мочь
who,кто
get,получить
if,если
would,было
her,её
all,все
my,моё
make,делать
about,о
know,знать
will,будет
as,как
up,вверх
one,один
time,время
there,там
year,год
so,так
think,думать
when,когда
which,который
them,их
some,некоторое
me,меня
people,люди
take,брать
out,на
into,в
just,только
see,видеть
him,него
your,твой
come,прийти
could,мочь
now,сейчас
than,чем
like,как
other,другой
how,как
then,тогда
its,его
our,наш
two,два
more,больше
these,эти
want,хотеть
way,способ
look,смотреть
first,первый
also,также
new,новый
because,потому что
day,день
more,больше
use,использовать
no,нет
man,человек
find,найти
here,здесь
thing,вещь
give,дать
many,много
well,хорошо
only,только
those,те
tell,скажи
one,один
very,очень
her,её
even,также
back,назад
any,какой-либо
good,хороший
woman,женщина
through,через
us,нас
life,жизнь
child,ребенок
there,там
work,работать
down,низко
may,может
after,после
should,должно
call,звать
world,мир
over,над
school,школа
still,сейчас
try,попробовать
in,в
as,как
last,последний
ask,спросить
need,нуждать
too,слишком
feel,чувствовать
three,три
when,когда
state,государство
never,никогда
become,становиться
between,между
high,высокий
really,действительно
something,что-то
most,наибольшее
another,другой
much,много
family,семья
own,свой
out,на
leave,уходить
put,поставить
old,старый
while,при этом
mean,означать
on,на
keep,держивать
student,ученик
why,почему
let,дать
great,грандиозный
same,тот же
big,большой
group,группа
begin,начинать
seem,казаться
country,страна
help,помочь
talk,разговаривать
where,где
turn,поворачиваться
problem,задача
every,каждый
start,начинать
hand,рука
might,может
American,американец
show,показывать
part,часть
about,о
against,против
place,место
over,над
such,такой
again,снова
few,несколько
case,случай
most,наибольшее
week,неделя
company,компания
where,где
system,система
each,каждый
right,правильный
program,программа
hear,слышать
so,так
question,вопрос
during,во время
work,работать
play,играть
government,правительство
run,бежать
small,маленький
number,число
off,от
always,заметь
move,двигаться
like,как
night,ночь
live,жить
Mr,господин
point,точка
believe,веровать
hold,держать
today,сегодня
bring,принести
happen,случиться
next,следующий
without,без
before,до
large,большой
all,все
million,миллион
must,должно
home,дом
under,под
water,вода
room,комната
write,писать
mother,матерь
area,область
national,национальный
money,денег
story,история
young,молодой
fact,факт
month,месяц
different,различный
lot,много
right,правильный
study,изучать
book,книга
eye,глаз
job,работа
word,слово
though,хотя
business,бизнес
issue,вопрос
side,сторона
kind,вид
four,четвертый
head,головка
far,дальний
black,черный
long,длинный
both,оба
little,маленький
house,дом
yes,да
after,после
since,с тех пор как
long,длинный
provide,предоставлять
service,услуга
around,вокруг
friend,друг
important,важный
father,отец
sit,сидеть
away,удаленный
until,до того момента
power,мощь
hour,час
game,игра
often,часто
yet,еще
line,линия
political,политический
end,конец
among,между
ever,никогда
stand,стоять
bad,плохой
lose,проиграть
however,днесь
member,член
pay,оплатить
law,закон
meet,сойтись
car,машина
city,город
almost,почти
include,включать
continue,продолжать
set,набор
later,позже
community,общность
much,много
name,имя
five,пятый
once,один раз
white,белый
least,наименьший
president,президент
learn,знать
real,реальный
change,изменять
team,команда
minute,минута
best,лучший
several,несколько
idea,идея
kid,ребенок
body,тело
information,информация
nothing,ничто
ago,раньше
right,правильный
lead,вести
social,общественный
understand,понимать
whether,либо
back,назад
watch,смотреть
together,вместе
follow,следовать
around,вокруг
parent,родитель
only,только
stop,остановить
face,лицо
anything,что-либо
create,создавать
public,общественный
already,уже
speak,говорить
others,другие
read,читать
level,уровень
allow,разрешать
add,добавлять
office,офис
spend,тратить
door,дверь
health,здоровье
person,человек
art,искусство
sure,ужасно
such,такой
war,война
history,история
party,партия
within,внутри
grow,расти
result,результат
open,открытый
change,изменять
morning,утро
walk,ходить
reason,причина
low,низкий
win,выиграть
research,исследование
girl,девочка
guy,парень
early,ранний
help,помогать
talk,говорить
where,где
turn,поворачивать
problem,задача
every,каждый
start,начинать
hand,рука
might,можно
American,американец
show,показывать
part,часть
about,о
against,против
place,место
over,над
such,такой
again,заново
few,немного
case,случае
most,большинство
week,неделя
company,компания
where,где
system,система
each,каждый
right,правильный
program,программа
hear,слышать
so,так
question,вопрос
during,во время
work,работать
play,играть
government,правительство
run,бежать
small,маленький
number,число
off,от
always,заметь
move,двигаться
like,как
night,ночь
live,жить
Mr,господин
point,точка
believe,веровать
hold,держать
today,сегодня
bring,принести
happen,случиться
next,следующий
without,без
before,до
large,большой
all,все
million,миллион
must,должно
home,дом
under,под
water,вода
room,комната
write,писать
mother,матерь
area,область
national,национальный
money,денег
story,история
young,молодой
fact,факт
month,месяц
different,различный
lot,много
right,правильный
study,изучать
book,книга
eye,глаз
job,работа
word,слово
though,хотя
business,бизнес
issue,вопрос
side,сторона
kind,вид
four,четвертый
head,головка
far,дальний
black,черный
long,длинный
both,оба
little,маленький
house,дом
yes,да
after,после
since,с тех пор как
long,длинный
provide,предоставлять
service,услуга
around,вокруг
friend,друг
important,важный
father,отец
sit,сидеть
away,удаленный
until,до того момента
power,мощь
hour,час
game,игра
often,часто
yet,еще
line,линия
political,политический
end,конец
among,между
ever,никогда
stand,стоять
bad,плохой
lose,проиграть
however,днесь
member,член
pay,оплатить
law,закон
meet,сойтись
car,машина
city,город
almost,почти
include,включать
continue,продолжать
set,набор
later,позже
community,общность
much,много
name,имя
five,пятый
once,один раз
white,белый
least,наименьший
president,президент
learn,знать
real,реальный
change,изменять
team,команда
minute,минута
best,лучший
several,несколько
idea,идея
kid,ребенок
body,тело
information,информация
nothing,ничто
ago,раньше
right,правильный
lead,вести
social,общественный
understand,понимать
whether,либо
back,назад
watch,смотреть
together,вместе
follow,следовать
around,вокруг
parent,родитель
only,только
stop,остановить
face,лицо
anything,что-либо
create,создавать
public,общественный
already,уже
speak,говорить
others,другие
read,читать
level,уровень
allow,разрешать
add,добавлять
office,офис
"the","столетья"
"be","быть"
"and","и"
"of","о"
"a","а"
"in","в"
"to","к"
"have","иметь"
"to","к"
"it","оно"
"I","я"
"that","тот"
"for","для"
"you","ты"
"he","он"
"with","с"
"on","на"
"do","делать"
"say","скажите"
>this","этот"
"they","они"
"at","в"
"But","но"
"we","мы"
"his","его"
"from","из"
"that","тот"
"not","не"
"n't","не"
"by","у"
"She","она"
"or","или"
"as","как"
"What","что"
"go","идти"
"their","их"
"can","может"
"who","кто"
"get","получить"
"if","если"
"would","было бы"
"her","её"
"all","все"
"my","мой"
"make","сделать"
"about","о"
"know","знать"
"will","будет"
"as","как"
"up","вверх"
"one","один"
"time","время"
"there","там"
"year","год"
"so","так"
"think","думать"
"when","когда"
"which","который"
"them","них"
"some","некоторые"
"me","меня"
"people","люди"
"take","брать"
"out","на"
"into","в"
"just","только что"
"see","видеть"
"Him","его"
"your","твоё"
"come","прибыть"
"could","могло бы"
"now","сейчас"
"than","чем"
"like","как"
"other","другой"
"How","как"
"then","затем"
"its","её"
"our","наш"
"two","два"
"more","больше"
"these","эти"
.want,"хотеть"
"way","путь"
"look","смотреть"
"first","сначала"
"also","также"
"new","новый"
"because","потому что"
"day","день"
"more","больше"
"use","использовать"
"no","нет"
"man","человек"
"find","найти"
"here","здесь"
"thing","вещь"
"give","дать"
"many","многие"
"well","хорошо"
"only","только"
"those","те"
"tell","скажите"
"one","один"
"very","очень"
"her","её"
"even","наверно"
"back","назад"
"any","какой-либо"
"good","хороший"
"woman","женщина"
"through","через"
"us","нас"
"life","жизнь"
"child","ребенок"
"there","там"
"work","работа"
"down","вниз"
"may","может"
"after","после"
"should","должно"
"call","звонить"
"world","мир"
"over","над"
"school","школа"
"still","по-прежнему"
"try","попытаться"
"in","в"
"as","как"
"last","последний"
"ask","спросить"
"need","необходимость"
"too","слишком"
"feel","чувствовать"
"three","три"
"when","когда"
"state","государство"
"never","никогда"
"become","становиться"
"between","между"
"high","высокий"
"really","действительно"
"something","что-то"
"most","большинство"
"another","другой"
"much","много"
"family","семья"
"own","свой"
"out","на"
"leave","уйти"
"put","поставить"
"old","старый"
"while","затем"
"mean","значит"
"on","на"
"keep","держать"
"student","ученик"
"why","почему"
"let","позволять"
"great","великий"
"same","тот же"
"big","большой"
"group","группа"
"begin","начать"
"seem","сказать"
"country","страна"
"help","помочь"
"talk","говорить"
"where","где"
"turn","повернуть"
"problem","задача"
"every","каждый"
"start","начать"
"hand","рука"
"might","можно"
"American","американец"
"show","показать"
"part","часть"
"about","о"
"against","против"
"place","место"
"over","над"
"such","такой"
"again","опять"
"few","немного"
"case","случай"
"most","большинство"
"week","неделя"
"company","компания"
"where","где"
"system","система"
"each","каждый"
"right","правый"
"program","программа"
"hear","слышать"
"so","так"
"question","вопрос"
"during","во время"
"work","работа"
"play","играть"
"government","государство"
"run","бежать"
"small","маленький"
"number","число"
"off","с"
"always","всегда"
"move","переместить"
"like","как"
"night","ночь"
"live","жить"
"Mr.","мистер"
"point","точка"
"believe","верить"
"hold","держать"
"today","сегодня"
"bring","принести"
"happen","случаться"
"next","следующий"
"without","без"
"before","до"
"large","большой"
"all","все"
"million","миллион"
"must","должно"
"home","дом"
"under","под"
"water","вода"
"room","комната"
"write","писать"
"mother","матерь"
"area","область"
"national","национальный"
"money","денег"
"story","история"
"young","молодой"
"fact","факт"
"month","месяц"
"different","разный"
"lot","много"
"right","правый"
"study","изучать"
"book","книга"
"eye","глаз"
"job","работа"
"word","слово"
"though","хотя"
"business","бизнес"
"issue","вопрос"
"side","сторона"
"kind","вид"
"four","четыре"
"head","голова"
"far","далеко"
"black","черный"
"long","долгий"
"both","и"
"little","маленький"
"house","дом"
"Yes","да"
"after","после"
"since","поскольку"
"long","долгий"
"provide","предоставить"
"service","сервис"
"around","вокруг"
"friend","друг"
"important","важный"
"father","отец"
"sit","сидеть"
"away","от"
"until","до"
"power","сила"
"hour","час"
"game","игра"
"often","часто"
"yet","еще не"
"line","лайн"
"political","политический"
"end","конец"
"among","между"
"ever","всегда"
"stand","стоять"
"bad","плохой"
"lose","проиграть"
"however","dochto"
"member","член"
"pay","оплатить"
"law","закон"
"meet","встретиться"
"car","автомобиль"
"city","город"
"almost","почти"
"include","включать"
"continue","продолжать"
"set","сеть"
"later"," позже"
"community","общество"
"much","много"
"name","имя"
"five","пять"
"once","один раз"
"white","белый"
"least","менее"
"president","президент"
"learn","учиться"
"real","действительный"
"change","изменить"
"team","команда"
"minute","минута"
"best","лучший"
"several","несколько"
"idea","идея"
"kid","ребенок"
"body","тело"
"information","информация"
"nothing","ничто"
"ago","ранее"
"right","правый"
"lead","вести"
"social","социальный"
"understand","понимать"
"whether","либо"
"back","назад"
"watch","смотреть"
"together","вместе"
"follow","следовать"
"around","вокруг"
"parent","родитель"
.only,"только"
"stop","остановить"
"face","лицо"
"anything","что угодно"
"create","создать"
"public","общественный"
"already","уже"
"speak","говорить"
"others","другие"
"read","читать"
"level","уровень"
"allow","разрешить"
"add","добавить"
"office","офис"
"spend","затратить"
"door","дверь"
"health","здоровье"
"person","человек"
"art","искусство"
"sure,"конечно"
"such,"такой
"war","война"
"history","история"
"party","партия"
"within","с внутри"
"grow","расти"
"result","результат"
"open","открытый"
"change","изменить"
"morning","утро"
"walk","ходить"
"reason","причина"
"low","низкий"
"win","выиграть"
"research","исследование"
"girl","девочка"
"guy","мальчик"
"early","ранний"
"food","еда"
"before","до"
"moment","момент"
"himself","сам себя"
"air","воздух"
"teacher","наставник"
"force","сила"
"offer","предложить"
"enough","достаточно"
"both","и"
"education","образование"
"across","через"
"although","хотя"
"remember","запомнить"
"foot","нога"
"second","секунда"
"boy","мальчик"
"maybe","может быть"
"toward","в направлении"
"able","способный"
"age","возраст"
"off","с"
"policy","политика"
"everything","все"
"love","любовь"
"process","процесс"
"music","музыка"
"including","включая"
"consider","сомневаться"
"appear","появиться"
"actually,"на самом деле"
"buy,"купить
"probably","вероятно"
"human","человек"
"wait","ждать"
"serve","служить"
"market","рынок"
"die","умереть"
"send","послать"
"expect","ожидать"
/home","дом"
"sense","смысл"
"build","строить"
"stay","остаться"
"fall","падение"
"oh,"о
"nation","нация"
"plan","план"
"cut","резать"
"college","колледж"
"interest","интерес"
"death","смерть"
"course","курс"
"somone","что-то"
"experience","опыт"
"behind","за спиной"
"reach","достичь"
"local","местный"
"kill","убить"
"six","шесть"
"remain","оставаться"
"effect","эффективность"
"use","использовать"
"yeah","да"
"class","класс"
"control","контроль"
"raise","поднять"
"care","забота"
"perhaps","может быть"
"little","маленький"
"late","поздно"
"hard","трудный"
"field","поле"
"else","иное"
"pass","перейти"
"former","бывший"
"sell","продать"
"major","основной"
"sometimes","иногда"
"require","требовать"
"along","вокруг"
"development","развитие"
"themselves","сами"
"report,"отчет
"role,"роль
"better",лучше
"economic","экономический"
"effort","усилие"
"up",вверх
"decide","решить"
"rate","скорость"
"strong","сильный"
"possible","возможный"
"heart","сердце"
"drug","наркотик"
"show","показать"
"leader,"лидер
"light","свет"
"leadership","руководство"
earn,"зарабатывать"
"pound,"фунт
"basis",основание
"bright",сиять
operate,"работать
"guest","гость
"sample","пример
"contribute",внести вклад
"tiny",маленький
"block",блок
"protection",защита
"settle","завершить"
"feed",подкормить
"collect",собирать
"additional",дополнительный
"while","пока"
"highly",очень сильно
"identity",идентичность
"title",название
"mostly",в основном
"lesson",урок
"faith",вера
"river",река
"promote",поддерживать
"living",жить
"present",презентовать
"count",считать
"unless",если не
"marry",жениться
"tomorrow","завтра"
"technique",техника
"path",путь
"ear",ухо
"shop",магазин
"order",заказ
"principle", принцип
"survive",жить
"lift",поднять
"border",граница
"competition","конкурентная борьба"
"jump",прыгнуть
"gather",собирать
"limit",ограничение
"fit",пригодный
"claim",требование
"cry",плакать
"equipment",аппаратура
"value",ценность
"counsel,"советовать
"solution","решение"
"substance",вещество
"elsewhere","в другом месте"
"iron",железо
"practical",практичный
"moreover",более того
"passion",страсть
"volunteer","волонтер"
"Word","Слово"
"The","Статья"
"Be","Быть"
"And","И"
"Of","О"
"A","А"
"In","В"
"To","Ко"
"Have","Иметь"
"It","Он"
"I","Я"
"That","Тот"
"For","Для"
"You","Вы"
"He","Он"
"With","Со"
"On","На"
"Do","Делать"
"Say","Сказать"
"This","Этот"
"They","Они"
"At","В"
"But","Но"
"We","Мы"
"Him","Его"
"From","Из"
"Not","Нет"
"N't","Не"
"By","По"
"She","Она"
"Or","Или"
"As","Как"
"What","Что"
"Go","Идти"
"Their","Их"
"Can","Может"
"Who","Кто"
"Get","Получать"
"If","Если"
"Would","Было бы"
"Her","Ее"
"All","Всё"
"My","Мой"
"Make","Сделать"
"About","О"
"Know","Знать"
"Will","Сбудет"
"As","Как"
"Up","Вверх"
"One","Одна"
"Time","Время"
"There","Там"
"Year","Год"
"So","Так"
"Think","Думать"
"When","Когда"
"Which","Который"
"Them","Им"
"Some","Некоторые"
"Me","Меня"
"People","Люди"
"Take","Брать"
"Out","Из"
"Into","Внутрь"
"Just","Только"
"See","Смотреть"
"Him","Его"
"Your","Твой"
"Come","Прийти"
"Could","Можно"
"Now","Теперь"
"Than","Чем"
"Like","Как"
"Other","Другой"
"How","Как"
"Then","Затем"
"Its","Стоит"
"Our","Наш"
"Two","Два"
"More","Больше"
"These","Эти"
"Want","Хотеть"
"Way","Путь"
"Look","Смотреть"
"First","Первый"
"Also","Также"
"New","Новый"
"Because","Поскольку"
"Day","День"
"More","Больше"
"Use","Использовать"
"No","Нет"
"Man","Человек"
"Find","Найти"
"Here","Здесь"
"Thing","Вещь"
"Give","Дать"
"Many","Много"
"Well","Хорошо"
"Only","Только"
"Those","Эти"
"Tell","Сказать"
"One","Одна"
"Very","Очень"
"Her","Ее"
"Even","Непременно"
"Back","Назад"
"Any","Кто-либо"
"Good","Хорошо"
"Woman","Женщина"
"Through","Через"
"Us","Нас"
"Life","Жизнь"
"Child","Ребёнок"
"There","Там"
"Work","Работа"
"Down","Ниже"
"May","Может"
"After","После"
"Should","Должно"
"Call","Звонить"
"World","Мир"
"Over","Над"
"School","Школа"
"Still","Теперь"
"Try","Попробовать"
"In","В"
"As","Как"
"Last","Последний"
"Ask","Спросить"
"Need","Нуждаться"
"Too","Да"
"Feel","Чувствовать"
"Three","Три"
"When","Когда"
"State","Статья"
"Never","Никогда"
"Become","Статься"
"Between","Между"
"High","Высокий"
"Really","На самом деле"
"Something","Что-то"
"Most","Большинство"
"Another","Другой"
"Much","Много"
"Family","Семья"
"Own","Свой"
"Out","Из"
"Leave","Уйти"
"Put","Положить"
"Old","Старый"
"While","Когда"
"Mean","Значить"
"On","На"
"Keep","Хранить"
"Student","Студент"
"Why","За что?"
"Let","Позволять"
"GREAT","Великий"
"Same","Тот же"
"Big","Большой"
"Group","Группа"
"Begin","Начать"
"Seem","Сказать"
"COUNTRY","Страна"
"Help","Помогать"
"Talk","Разговаривать"
"Where","Куда?"
"Turn","Переворачивать"
"Problem","Задача"
"Every","Каждый"
"Start","Начинать"
"Hand","Рука"
"Might","Может быть"
"American","Американец"
"Show","Показывать"
"Part","Часть"
"About","О"
"Against","Против"
"Place","Место"
"Over","Над"
"Such","Такой"
"Again","Заново"
"Few","Few"
"Case","Случай"
"Most","Большинство"
"Week","Неделя"
"Company","Компания"
"Where","Куда?"
"System","Система"
"Each","Каждый"
"Right","Правая"
"Program","Программа"
"Hear","Слышать"
"So","Так"
"Question","Вопрос"
"During","Во время"
"Work","Работа"
"Play","Игра"
"Government","Государство"
"Run","Бежать"
"Small","Маленький"
"Number","Число"
"Off","Сбоку"
"Always","Всегда"
"Move","Перемещать"
"Like","Похожий"
"Night","Ночь"
"Live","Жить"
"Mr","Мистер"
"Point","Точка"
"Believe","Верить"
"Hold","Держаться"
"Today","Сегодня"
"Bring","Несите"
"Happen","Событие"
"Next","Завтра"
"Without","Без"
"Before","Перед"
"Large","Большой"
"All","Все"
"Million","Миллион"
"Must","Должно"
"Home","Дом"
"Under","Под"
"Water","Вода"
"Room","Комната"
"Write","Написать"
"Mother","Мать"
"Area","Площадь"
"National","Национальный"
"Money","Деньги"
"Story","Сюжет"
"Young","Молодой"
"Fact","Факт"
"Month","Месяц"
"Different","Различный"
"Lot","Лот"
"Right","Правая"
"Study","Учиться"
"Book","Книга"
"EYE","Глаз"
"Job","Работа"
"Word","Слово"
"As","Как"
"Up","Вверх"
"One","Одна"
"Time","Время"
"There","Там"
"Year","Год"
"So","Так"
"Think","Думать"
"When","Когда"
"Which","Кто?"
"They","Они"
"Some","Некоторый"
"Me","Меня"
"People","Люди"
"Take","Брать"
"Out","Из"
"Into","Внутри"
"Just","Только"
"See","Смотреть"
"Him","Его"
"Your","Твой"
"Come","Приходить"
"Could","Кто?"
"Now","Сейчас"
"Than","Чем"
"Like","Похожий"
"Other","Другой"
"How","Как?"
"Then","Затем"
"Its","Ее"
"Our","Наши"
"Two","Два"
"More","Больше"
"These","Эти"
"WANT","Хотеть"
"WAY","Путь"
"Look","Смотреть"
"First","Первый"
"Also","Также"
"New","Новый"
"Because","Поскольку"
"Day","День"
"More","Больше"
"use","Использовать"
"No","Нет"
"Man","Человек"
"Find","Найди"
"Here","Здесь"
"Thing","Вещь"
"GIVE","Дать"
"Many","Много"
"Well","Хорошо"
"Only","Только"
"Those","Эти"
"TELL","Сказать"
"One","Одна"
"Very","Очень"
"Her","Ее"
"Even","Непременно"
"Back","Назад"
"Any","Кто-либо"
"Good","Хорошо"
"Woman","Женщина"
"Through","Через"
"Us","Нас"
"Life","Жизнь"
"Child","Ребёнок"
"There","Там"
"Work","Работа"
"Down","Ниже"
"May","Может"
"After","После"
"Should","Должно"
"Call","Звонить"
"World","Мир"
"Over","Над"
"School","Школа"
"Still","Теперь"
"Try","Попробовать"
"In","В"
"As","Как"
"Last","Последний"
"Ask","Спросить"
"Need","Нуждаться"
"Too","Да"
"Feel","Чувствовать"
"Three","Три"
"When","Когда"
"State","Статья"
"Never","Никогда"
"Become","Статься"
"Between","Между"
"High","Высокий"
"Really","На самом деле"
"Something","Что-то"
"Most","Большинство"
"Another","Другой"
"Much","Много"
"Family","Семья"
"Own","Свой"
"Out","Из"
"Leave","Уйти"
"Put","Положить"
"Old","Старый"
"While","Когда"
"Mean","Значить"
"On","На"
"Keep","Хранить"
"Student","Студент"
"Why","За что?"
"Let","Позволять"
"GREAT","Великий"
"Same","Тот же"
"Big","Большой"
"Group","Группа"
"Begin","Начать"
"Seem","Сказать"
"COUNTRY","Страна"
"Help","Помогать"
"Talk","Разговаривать"
"Where","Куда?"
"Turn","Переворачивать"
"Problem","Задача"
"Every","Каждый"
"Start","Начинать"
"Hand","Рука"
"Might","Может быть"
"American","Американец"
"Show","Показывать"
"Part","Часть"
"About","О"
"Against","Против"
"Place","Место"
"Over","Над"
"Such","Такой"
"Again","Заново"
"Few","Few"
"Case","Случай"
"Most","Большинство"
"Week","Неделя"
"Company","Компания"
"Where","Куда?"
"System","Система"
"Each","Каждый"
"Right","Правая"
"Program","Программа"
"Hear","Слышать"
"So","Так"
"Question","Вопрос"
"During","Во время"
"Work","Работа"
"Play","Игра"
"World","Мир"
"Word","Слово"
"The","Объект"
"Be","Быть"
"And","И"
"Of","Из"
"A","Один"
"In","Внутри"
"To","Кому"
"Have","Мочь"
"To","Кому"
"It","Это"
"I","Я"
"That","Тот"
"For","Для"
"You","Твой"
"He","Он"
"With","С"
"On","На"
"Do","Делать"
"SAY","Говорить"
"This","Этот"
"They","Они"
"At","У"
"But","Но"
"We","Мы"
"His","Его"
"From","Из"
"That","Тот"
"Not","Нет"
"N't","Не"
"By","Путем"
"She","Она"
"Or","Или"
"As","Как"
"What","Что"
"Go","Идти"
"Their","Их"
"Can","Мочь"
"Who","Кто?"
"You","Твой"
"He","Он"
"With","С"
"On","На"
"Do","Делать"
"SAY","Говорить"
"This","Этот"
"They","Они"
"At","У"
"But","Но"
"We","Мы"
"His","Его"
"From","Из"
"That","Тот"
"Not","Нет"
"N't","Не"
"By","Путем"
"She","Она"
"Or","Или"
"As","Как"
"What","Что"
"Go","Идти"
"Their","Их"